{"final_long_level":3,"short_level":0,"sharpe_ratio":-0.648407343470543,"step":1000,"long_level":3,"_timestamp":1.770116810645946e+09,"trade_count":3,"final_short_level":1,"cumulative_pnl":0,"max_drawdown":-21.424600000000034,"_wandb":{"runtime":0},"total_trades":4,"_runtime":0,"_step":1,"total_pnl":-14.531000000000015,"current_pnl":60.561099999999946}