{"final_short_level":2,"_timestamp":1.770116793432301e+09,"total_trades":23,"step":1000,"_wandb":{"runtime":0},"cumulative_pnl":60.599384799999996,"max_drawdown":-63.89640000000003,"trade_count":21,"sharpe_ratio":-3.1614910069665894,"_runtime":0,"final_long_level":4,"_step":1,"short_level":0,"long_level":4,"current_pnl":-4.393200000000041,"total_pnl":-57.98760000000001}