{"trade_count":2,"cumulative_pnl":0,"_runtime":0,"total_pnl":-3.0923999999999943,"_wandb":{"runtime":0},"total_trades":2,"max_drawdown":-7.031600000000006,"current_pnl":29.530399999999993,"final_long_level":2,"long_level":2,"_timestamp":1.770117293581583e+09,"_step":1,"short_level":0,"final_short_level":0,"sharpe_ratio":-0.30785994113249704,"step":1000}