{"_runtime":0,"total_pnl":-49.7975,"_step":1,"trade_count":3,"cumulative_pnl":42.06421550000002,"short_level":0,"final_long_level":1,"final_short_level":0,"step":1000,"long_level":1,"_timestamp":1.770116844557601e+09,"max_drawdown":-54.72150000000001,"current_pnl":-9.019000000000014,"_wandb":{"runtime":0},"total_trades":3,"sharpe_ratio":-3.382118165003236}