{"total_pnl":-17.855349999999998,"final_long_level":4,"_timestamp":1.7701173165663319e+09,"current_pnl":18.845299999999988,"_runtime":0,"short_level":0,"final_short_level":0,"long_level":4,"_step":1,"trade_count":4,"cumulative_pnl":0,"total_trades":4,"_wandb":{"runtime":0},"max_drawdown":-22.28695000000001,"sharpe_ratio":-1.7138034640120385,"step":1000}