{"_wandb":{"runtime":0},"final_short_level":2,"_step":1,"long_level":2,"sharpe_ratio":-0.2161577393281733,"_timestamp":1.7701172310729432e+09,"total_trades":16,"cumulative_pnl":-42.362116999999984,"trade_count":14,"short_level":0,"final_long_level":0,"max_drawdown":-98.62099999999991,"current_pnl":-18.03800000000003,"_runtime":0,"total_pnl":-50.495117000000015,"step":1000}