{"successful_symbols":4,"ADAUSDT_return_rate":-0.0791229570796678,"ADAUSDT_pnl":-791.2295707966779,"SOLUSDT_pnl":-773.5296689978678,"SOLUSDT_trades":208,"ETHUSDT_pnl":-882.6027958537879,"avg_return_rate":-0.08445274590766673,"BNBUSDT_return_rate":-0.09307478006583358,"ETHUSDT_return_rate":-0.0882602795853788,"total_trades":925,"_timestamp":1.7701151608531141e+09,"BNBUSDT_pnl":-930.7478006583359,"SOLUSDT_return_rate":-0.07735296689978678,"BNBUSDT_trades":260,"_wandb":{"runtime":1},"ETHUSDT_trades":238,"_step":4,"win_rate":0,"ADAUSDT_trades":219,"total_pnl":-3378.1098363066694,"_runtime":1}