{"current_pnl":18.088499999999986,"sharpe_ratio":-1.0014071202226815,"_runtime":0,"cumulative_pnl":0,"trade_count":3,"total_trades":4,"final_long_level":3,"_wandb":{"runtime":0},"total_pnl":-7.224,"_step":1,"step":1000,"max_drawdown":-9.193600000000005,"final_short_level":1,"_timestamp":1.770116753856291e+09,"long_level":3,"short_level":0}