{"_runtime":2,"total_trades":605,"BNBUSDT_trades":157,"BNBUSDT_pnl":-572.3465276125505,"SOLUSDT_pnl":-593.5550872368985,"ETHUSDT_trades":143,"SOLUSDT_return_rate":-0.05935550872368985,"total_pnl":-2244.7255211895663,"successful_symbols":4,"ETHUSDT_pnl":-540.0208113058533,"ADAUSDT_trades":147,"win_rate":0,"_wandb":{"runtime":2},"SOLUSDT_trades":158,"_step":4,"ADAUSDT_pnl":-538.8030950342638,"ADAUSDT_return_rate":-0.053880309503426385,"ETHUSDT_return_rate":-0.05400208113058533,"_timestamp":1.7701152050832481e+09,"avg_return_rate":-0.056118138029739154,"BNBUSDT_return_rate":-0.05723465276125505}