{"_step":1,"total_pnl":-15.973600000000005,"trade_count":4,"total_trades":4,"final_short_level":0,"max_drawdown":-25.821600000000036,"_wandb":{"runtime":0},"_timestamp":1.770117253911563e+09,"cumulative_pnl":0,"short_level":0,"sharpe_ratio":-0.6396978736872698,"final_long_level":4,"_runtime":0,"step":1000,"current_pnl":65.58339999999997,"long_level":4}