{"ETHUSDT_trades":278,"win_rate":0,"BTCUSDT_pnl":-7.506392634472549,"_wandb":{"runtime":2},"successful_symbols":5,"SOLUSDT_trades":206,"total_trades":905,"SOLUSDT_pnl":-768.583937015137,"ADAUSDT_pnl":-737.7278877674873,"BNBUSDT_trades":218,"BNBUSDT_return_rate":-0.07893119292878643,"ETHUSDT_return_rate":-0.10268891405899117,"_timestamp":1.770115183327563e+09,"_runtime":2,"ADAUSDT_return_rate":-0.07377278877674874,"BNBUSDT_pnl":-789.3119292878644,"BTCUSDT_return_rate":-0.0007506392634472549,"ETHUSDT_pnl":-1026.8891405899117,"_step":5,"avg_return_rate":-0.06660038574589745,"total_pnl":-3330.019287294873,"ADAUSDT_trades":201,"SOLUSDT_return_rate":-0.0768583937015137,"BTCUSDT_trades":2}