{"current_pnl":0.31359999999997673,"_timestamp":1.770117248165814e+09,"step":1000,"long_level":2,"trade_count":8,"final_long_level":2,"_step":1,"cumulative_pnl":29.51602040000003,"total_trades":8,"total_pnl":-2.7931795999999807,"final_short_level":0,"max_drawdown":-36.248400000000025,"_runtime":0,"sharpe_ratio":-2.954602820604173,"short_level":0,"_wandb":{"runtime":0}}