{"total_pnl":-4080.935137497088,"BNBUSDT_pnl":-847.6570396130552,"ETHUSDT_pnl":-911.2140828018985,"ETHUSDT_return_rate":-0.09112140828018984,"BNBUSDT_return_rate":-0.08476570396130552,"win_rate":0,"SOLUSDT_return_rate":-0.0792835727293837,"ETHUSDT_trades":241,"avg_return_rate":-0.08161870274994176,"_wandb":{"runtime":2},"BTCUSDT_trades":179,"_timestamp":1.7701150852472599e+09,"_runtime":2,"_step":5,"total_trades":1082,"ADAUSDT_pnl":-842.607347550165,"SOLUSDT_trades":208,"ADAUSDT_return_rate":-0.0842607347550165,"SOLUSDT_pnl":-792.8357272938371,"BTCUSDT_return_rate":-0.06866209402381325,"ADAUSDT_trades":226,"BNBUSDT_trades":228,"successful_symbols":5,"BTCUSDT_pnl":-686.6209402381326}