{"cumulative_pnl":0,"final_short_level":0,"step":1000,"_step":1,"trade_count":2,"_wandb":{"runtime":0},"max_drawdown":-17.579000000000015,"current_pnl":73.826,"_timestamp":1.7701172424200692e+09,"total_pnl":-7.730999999999986,"total_trades":2,"long_level":2,"final_long_level":2,"sharpe_ratio":-0.3078599411324964,"short_level":0,"_runtime":0}