{"sharpe_ratio":-0.18440989315416648,"total_trades":4,"_wandb":{"runtime":0},"current_pnl":38.45759999999998,"long_level":4,"total_pnl":-2.320900000000009,"final_long_level":4,"_step":1,"step":1000,"final_short_level":0,"trade_count":4,"max_drawdown":-7.244900000000023,"_runtime":0,"cumulative_pnl":0,"short_level":0,"_timestamp":1.770116770667079e+09}