{"final_long_level":4,"sharpe_ratio":-2.29327328994346,"_timestamp":1.7701172366752331e+09,"short_level":0,"final_short_level":1,"step":1000,"_step":1,"cumulative_pnl":19.80651640000001,"_runtime":0,"trade_count":8,"max_drawdown":-31.568950000000008,"long_level":4,"_wandb":{"runtime":0},"current_pnl":9.423899999999987,"total_pnl":-8.315633599999984,"total_trades":9}