{"_timestamp":1.770117270788863e+09,"long_level":5,"sharpe_ratio":-2.3805923026657037,"final_short_level":0,"final_long_level":5,"_step":1,"trade_count":5,"short_level":0,"_wandb":{"runtime":0},"cumulative_pnl":0,"total_trades":5,"step":1000,"current_pnl":25.070362499999987,"max_drawdown":-58.33670000000001,"_runtime":0,"total_pnl":-49.35039999999998}