{"current_pnl":-3.7759999999999856,"max_drawdown":-44.380500000000026,"total_pnl":80.00788149999991,"cumulative_pnl":80.00788149999991,"trade_count":5,"final_short_level":0,"total_trades":8,"_timestamp":1.7701173222878358e+09,"_wandb":{"runtime":0},"sharpe_ratio":0,"step":1000,"short_level":1,"_runtime":0,"_step":1,"long_level":0,"final_long_level":0}