{"max_drawdown":-94.42600000000006,"_runtime":0,"long_level":2,"cumulative_pnl":63.56315099999999,"_step":1,"step":1000,"total_trades":8,"_timestamp":1.770117304780554e+09,"trade_count":8,"final_short_level":0,"final_long_level":2,"short_level":0,"sharpe_ratio":-3.2551479475628815,"total_pnl":-21.01484900000004,"current_pnl":-3.021000000000058,"_wandb":{"runtime":0}}