{"BTCUSDT_return_rate":-0.007019863000798859,"ETHUSDT_trades":150,"ADAUSDT_return_rate":-0.03379027334264576,"ADAUSDT_pnl":-337.90273342645764,"avg_return_rate":-0.03289958755750027,"_step":5,"ETHUSDT_pnl":-568.9432634826171,"ADAUSDT_trades":91,"total_trades":437,"SOLUSDT_pnl":-320.6943225149956,"successful_symbols":5,"BTCUSDT_trades":18,"_timestamp":1.770115127800132e+09,"BNBUSDT_return_rate":-0.03472404284429546,"SOLUSDT_return_rate":-0.03206943225149956,"win_rate":0,"ETHUSDT_return_rate":-0.05689432634826171,"total_pnl":-1644.9793778750136,"BNBUSDT_pnl":-347.24042844295457,"_runtime":1,"SOLUSDT_trades":84,"BTCUSDT_pnl":-70.19863000798858,"_wandb":{"runtime":1},"BNBUSDT_trades":94}