{"_runtime":0,"trade_count":2,"short_level":0,"total_trades":2,"max_drawdown":-7.530400000000023,"final_short_level":0,"long_level":2,"total_pnl":-3.5912000000000117,"_step":1,"current_pnl":29.031599999999976,"cumulative_pnl":0,"_timestamp":1.770117265089337e+09,"step":1000,"_wandb":{"runtime":0},"final_long_level":2,"sharpe_ratio":-0.3580940184457477}