{"ADAUSDT_return_rate":-0.049931062242029825,"total_pnl":-2518.4277143304926,"SOLUSDT_trades":131,"avg_return_rate":-0.05036855428660985,"ETHUSDT_pnl":-794.3481080879016,"_timestamp":1.770115215826667e+09,"win_rate":0,"BTCUSDT_pnl":-142.49948955095363,"BTCUSDT_return_rate":-0.014249948955095362,"BNBUSDT_pnl":-588.1136521800128,"SOLUSDT_return_rate":-0.04941558420913263,"ADAUSDT_pnl":-499.3106224202982,"_step":5,"_wandb":{"runtime":1},"ETHUSDT_return_rate":-0.07943481080879015,"total_trades":675,"BNBUSDT_return_rate":-0.058811365218001274,"BTCUSDT_trades":37,"successful_symbols":5,"ADAUSDT_trades":134,"SOLUSDT_pnl":-494.15584209132635,"_runtime":1,"ETHUSDT_trades":212,"BNBUSDT_trades":161}