{"short_level":0,"trade_count":4,"final_long_level":2,"_step":1,"sharpe_ratio":-1.9731321958652386,"total_pnl":-22.577200000000012,"current_pnl":10.045599999999977,"max_drawdown":-26.516400000000022,"long_level":2,"final_short_level":0,"cumulative_pnl":20.605487599999975,"total_trades":4,"_wandb":{"runtime":0},"step":1000,"_runtime":0,"_timestamp":1.770116804669146e+09}