{"successful_symbols":5,"BTCUSDT_pnl":-15.883811079089842,"BNBUSDT_trades":129,"_wandb":{"runtime":1},"_step":5,"avg_return_rate":-0.0354963765698125,"SOLUSDT_pnl":-378.43184628064375,"_runtime":1,"ADAUSDT_trades":108,"total_pnl":-1774.818828490625,"_timestamp":1.770115072869517e+09,"ADAUSDT_pnl":-396.6173632144455,"win_rate":0,"BTCUSDT_trades":4,"ETHUSDT_pnl":-513.9020889507347,"SOLUSDT_return_rate":-0.03784318462806437,"BNBUSDT_pnl":-469.98371896571143,"total_trades":477,"BNBUSDT_return_rate":-0.04699837189657114,"SOLUSDT_trades":100,"ETHUSDT_trades":136,"ADAUSDT_return_rate":-0.03966173632144455,"BTCUSDT_return_rate":-0.001588381107908984,"ETHUSDT_return_rate":-0.051390208895073466}