{"_step":1,"final_long_level":4,"step":1000,"_runtime":0,"final_short_level":1,"total_pnl":-12.192657250000025,"current_pnl":-1.3594500000000262,"max_drawdown":-37.885100000000016,"_timestamp":1.7701172991207502e+09,"total_trades":15,"trade_count":14,"sharpe_ratio":-3.298571524280598,"cumulative_pnl":22.245642749999988,"short_level":0,"_wandb":{"runtime":0},"long_level":4}