{"current_pnl":-4.673399999999995,"final_short_level":2,"total_trades":21,"_step":1,"step":1000,"short_level":2,"_runtime":0,"long_level":3,"trade_count":21,"total_pnl":101.11129600000005,"_wandb":{"runtime":0},"cumulative_pnl":122.09609600000005,"sharpe_ratio":-0.8539400771314031,"final_long_level":3,"max_drawdown":-22.9544,"_timestamp":1.770117287948545e+09}