{"_step":1,"_timestamp":1.770116821855785e+09,"total_pnl":-1.8562000000000116,"max_drawdown":-5.795400000000024,"short_level":0,"final_short_level":0,"long_level":2,"step":1000,"current_pnl":30.766599999999976,"cumulative_pnl":0,"_wandb":{"runtime":0},"total_trades":2,"final_long_level":2,"_runtime":0,"sharpe_ratio":-0.18435383050485038,"trade_count":2}