{"trade_count":17,"max_drawdown":-47.59345000000001,"final_long_level":4,"short_level":0,"current_pnl":-6.600600000000014,"total_trades":18,"_runtime":0,"_timestamp":1.7701167989445271e+09,"cumulative_pnl":41.47428004999996,"final_short_level":1,"_step":1,"long_level":4,"sharpe_ratio":-3.2800089796733083,"step":1000,"total_pnl":-44.14664999999999,"_wandb":{"runtime":0}}