{"ADAUSDT_pnl":-506.7437653657175,"BNBUSDT_trades":155,"BTCUSDT_return_rate":-0.11357835628780677,"ETHUSDT_return_rate":-0.08547122054782959,"BNBUSDT_pnl":-570.6526472006565,"_timestamp":1.7701152713131342e+09,"BNBUSDT_return_rate":-0.05706526472006565,"win_rate":0,"SOLUSDT_return_rate":-0.05309919625905597,"SOLUSDT_pnl":-530.9919625905598,"ETHUSDT_trades":228,"total_pnl":-3598.8841435132967,"_step":5,"_wandb":{"runtime":2},"SOLUSDT_trades":140,"ETHUSDT_pnl":-854.7122054782959,"ADAUSDT_return_rate":-0.050674376536571746,"successful_symbols":5,"BTCUSDT_trades":305,"avg_return_rate":-0.07197768287026593,"_runtime":2,"BTCUSDT_pnl":-1135.7835628780676,"ADAUSDT_trades":137,"total_trades":965}