{"final_long_level":2,"short_level":0,"current_pnl":72.57899999999995,"max_drawdown":-18.826000000000057,"_runtime":0,"cumulative_pnl":0,"_step":1,"_timestamp":1.770117259477804e+09,"total_pnl":-8.97800000000003,"final_short_level":0,"long_level":2,"_wandb":{"runtime":0},"total_trades":2,"sharpe_ratio":-0.3580940184457487,"trade_count":2,"step":1000}