{"total_trades":6,"current_pnl":-1.0237999999999883,"final_short_level":0,"_runtime":0,"_step":1,"step":1000,"cumulative_pnl":59.713355799999995,"total_pnl":-3.5854000000000235,"sharpe_ratio":-0.25038964628012905,"final_long_level":2,"long_level":0,"_wandb":{"runtime":0},"trade_count":4,"_timestamp":1.770116759511693e+09,"short_level":2,"max_drawdown":-9.734200000000012}