{"ETHUSDT_return_rate":-0.054130637776003854,"ADAUSDT_trades":108,"ADAUSDT_return_rate":-0.0400875649564859,"SOLUSDT_trades":103,"_wandb":{"runtime":2},"BNBUSDT_trades":129,"SOLUSDT_pnl":-390.7020084592131,"BNBUSDT_pnl":-472.2346020126685,"avg_return_rate":-0.05004609095103513,"BTCUSDT_trades":184,"win_rate":0,"_step":5,"ETHUSDT_pnl":-541.3063777600386,"BTCUSDT_pnl":-697.1859097549775,"ETHUSDT_trades":143,"_runtime":2,"ADAUSDT_pnl":-400.875649564859,"BTCUSDT_return_rate":-0.06971859097549775,"BNBUSDT_return_rate":-0.04722346020126685,"successful_symbols":5,"total_pnl":-2502.3045475517565,"_timestamp":1.770115095797569e+09,"SOLUSDT_return_rate":-0.03907020084592131,"total_trades":667}