{"total_pnl":-81.36679999999998,"max_drawdown":-87.27560000000001,"sharpe_ratio":-3.6390235253285192,"short_level":0,"current_pnl":-14.430400000000024,"_timestamp":1.770116782077336e+09,"_runtime":0,"final_long_level":4,"total_trades":19,"_wandb":{"runtime":0},"long_level":4,"_step":1,"cumulative_pnl":60.57595150000003,"trade_count":17,"step":1000,"final_short_level":2}