{"total_trades":1,"long_level":1,"step":1000,"_timestamp":1.770116861581239e+09,"total_pnl":-2.7834999999999854,"final_long_level":1,"_step":1,"max_drawdown":-7.7075000000000005,"_runtime":0,"short_level":0,"cumulative_pnl":0,"current_pnl":37.995,"final_short_level":0,"sharpe_ratio":-0.22118643251951098,"trade_count":1,"_wandb":{"runtime":0}}