{"BTCUSDT_pnl":-85.58828080954535,"ETHUSDT_return_rate":-0.10946564268153539,"total_trades":915,"win_rate":0,"_timestamp":1.77011523796821e+09,"BTCUSDT_return_rate":-0.008558828080954536,"SOLUSDT_pnl":-589.1876829490235,"ETHUSDT_trades":297,"total_pnl":-3369.201905887985,"BTCUSDT_trades":22,"successful_symbols":5,"ADAUSDT_pnl":-729.4089650425755,"BNBUSDT_return_rate":-0.08703605502714871,"BNBUSDT_trades":241,"SOLUSDT_trades":156,"SOLUSDT_return_rate":-0.05891876829490235,"BNBUSDT_pnl":-870.3605502714871,"ADAUSDT_trades":199,"ETHUSDT_pnl":-1094.6564268153538,"_wandb":{"runtime":1},"_step":5,"_runtime":1,"avg_return_rate":-0.0673840381177597,"ADAUSDT_return_rate":-0.07294089650425754}