{"_runtime":0,"final_long_level":2,"long_level":2,"total_pnl":-6.634600000000006,"trade_count":2,"_timestamp":1.770117225535002e+09,"step":1000,"_wandb":{"runtime":0},"max_drawdown":-10.573800000000016,"cumulative_pnl":0,"sharpe_ratio":-0.6642096616193748,"_step":1,"final_short_level":0,"short_level":0,"total_trades":2,"current_pnl":25.988199999999985}