{"final_short_level":0,"_step":1,"sharpe_ratio":-0.6642096616193748,"cumulative_pnl":0,"final_long_level":2,"step":1000,"_wandb":{"runtime":0},"_timestamp":1.770116838883865e+09,"total_trades":2,"long_level":2,"trade_count":2,"total_pnl":-6.634600000000006,"_runtime":0,"short_level":0,"current_pnl":25.988199999999985,"max_drawdown":-10.573800000000016}