{"BNBUSDT_return_rate":-0.059177884939396665,"ETHUSDT_pnl":-540.0208113058533,"SOLUSDT_return_rate":-0.058918580595998096,"successful_symbols":4,"_step":4,"ADAUSDT_trades":152,"avg_return_rate":-0.05696758015771418,"ETHUSDT_trades":143,"_runtime":2,"ETHUSDT_return_rate":-0.05400208113058533,"SOLUSDT_pnl":-589.1858059599809,"_timestamp":1.7701151172578518e+09,"win_rate":0,"SOLUSDT_trades":157,"BNBUSDT_pnl":-591.7788493939667,"total_trades":614,"ADAUSDT_return_rate":-0.05577177396487661,"total_pnl":-2278.703206308567,"BNBUSDT_trades":162,"ADAUSDT_pnl":-557.7177396487662,"_wandb":{"runtime":2}}