{"_step":1,"step":1000,"max_drawdown":-7.7075000000000005,"sharpe_ratio":-0.22118643251951098,"_runtime":0,"_wandb":{"runtime":0},"long_level":1,"short_level":0,"total_pnl":-2.7834999999999854,"final_long_level":1,"current_pnl":37.995,"total_trades":1,"final_short_level":0,"_timestamp":1.770116827577038e+09,"cumulative_pnl":0,"trade_count":1}