{"total_trades":4,"final_long_level":3,"trade_count":3,"_runtime":0,"sharpe_ratio":-1.10720988996219,"current_pnl":51.46019999999996,"total_pnl":-23.63190000000001,"short_level":0,"long_level":3,"final_short_level":1,"_step":1,"_timestamp":1.7701173278718731e+09,"max_drawdown":-30.52550000000003,"cumulative_pnl":0,"step":1000,"_wandb":{"runtime":0}}