{"_timestamp":1.77011683301013e+09,"total_pnl":-7.730999999999986,"step":1000,"final_short_level":0,"_runtime":0,"max_drawdown":-17.579000000000015,"current_pnl":73.826,"_wandb":{"runtime":0},"long_level":2,"final_long_level":2,"trade_count":2,"short_level":0,"sharpe_ratio":-0.3078599411324964,"total_trades":2,"cumulative_pnl":0,"_step":1}