{"final_long_level":2,"sharpe_ratio":-2.4839166996428177,"_timestamp":1.770117333463357e+09,"_wandb":{"runtime":0},"_runtime":0,"cumulative_pnl":30.00369480000002,"trade_count":4,"_step":1,"short_level":0,"max_drawdown":-36.248400000000025,"step":1000,"total_pnl":-2.305505199999992,"total_trades":4,"final_short_level":0,"current_pnl":0.31359999999997673,"long_level":2}