{"sharpe_ratio":-0.6606779138774685,"total_trades":4,"_runtime":0,"_wandb":{"runtime":0},"short_level":0,"final_long_level":4,"trade_count":4,"long_level":4,"current_pnl":71.56839999999997,"cumulative_pnl":0,"_step":1,"total_pnl":-18.144300000000005,"final_short_level":0,"step":1000,"_timestamp":1.7701168162956018e+09,"max_drawdown":-28.977100000000036}