{"BTCUSDT_return_rate":-0.0007506392634472549,"win_rate":0,"_timestamp":1.770115149844566e+09,"total_pnl":-3209.8226340186884,"_runtime":1,"avg_return_rate":-0.06419645268037377,"BNBUSDT_return_rate":-0.07217894982930931,"ETHUSDT_trades":287,"BTCUSDT_pnl":-7.506392634472549,"BNBUSDT_pnl":-721.7894982930931,"ADAUSDT_return_rate":-0.06759705164832137,"SOLUSDT_trades":200,"_wandb":{"runtime":1},"BTCUSDT_trades":2,"ETHUSDT_pnl":-1058.403882426481,"SOLUSDT_pnl":-746.1523441814281,"ADAUSDT_trades":186,"total_trades":875,"ETHUSDT_return_rate":-0.1058403882426481,"successful_symbols":5,"BNBUSDT_trades":200,"SOLUSDT_return_rate":-0.07461523441814281,"ADAUSDT_pnl":-675.9705164832137,"_step":5}