{"ETHUSDT_return_rate":-0.1052146167940694,"SOLUSDT_return_rate":-0.05096741260111841,"BNBUSDT_pnl":-654.9894504148464,"_runtime":1,"ADAUSDT_return_rate":-0.049104497947252454,"ADAUSDT_trades":134,"BTCUSDT_return_rate":-0.01541840288482657,"BTCUSDT_pnl":-154.1840288482657,"_step":5,"BNBUSDT_trades":181,"successful_symbols":5,"SOLUSDT_pnl":-509.6741260111841,"BTCUSDT_trades":40,"_wandb":{"runtime":1},"BNBUSDT_return_rate":-0.06549894504148464,"ETHUSDT_trades":285,"total_pnl":-2862.0387526875147,"win_rate":0,"ETHUSDT_pnl":-1052.146167940694,"avg_return_rate":-0.0572407750537503,"_timestamp":1.7701152265053399e+09,"total_trades":775,"SOLUSDT_trades":135,"ADAUSDT_pnl":-491.0449794725246}