{"avg_return_rate":-0.08756379406962267,"_runtime":1,"SOLUSDT_return_rate":-0.07542495870108565,"BTCUSDT_return_rate":-0.08822554646352154,"ETHUSDT_pnl":-1146.825484312057,"total_trades":1188,"_wandb":{"runtime":1},"_step":5,"BTCUSDT_pnl":-882.2554646352154,"BNBUSDT_trades":227,"BNBUSDT_pnl":-821.6813976287323,"SOLUSDT_pnl":-754.2495870108564,"_timestamp":1.770115106036331e+09,"ETHUSDT_trades":312,"ADAUSDT_trades":211,"SOLUSDT_trades":202,"BTCUSDT_trades":236,"total_pnl":-4378.189703481134,"win_rate":0,"ADAUSDT_pnl":-773.1777698942732,"successful_symbols":5,"ADAUSDT_return_rate":-0.07731777698942732,"ETHUSDT_return_rate":-0.11468254843120569,"BNBUSDT_return_rate":-0.08216813976287322}