{"ADAUSDT_trades":161,"ETHUSDT_return_rate":-0.07508881613487428,"ETHUSDT_trades":201,"ETHUSDT_pnl":-750.8881613487428,"_runtime":1,"total_trades":723,"ADAUSDT_return_rate":-0.058675006205187216,"win_rate":0,"_wandb":{"runtime":1},"BNBUSDT_pnl":-734.8993305549538,"SOLUSDT_trades":138,"BTCUSDT_pnl":-78.12466688923841,"BNBUSDT_trades":203,"avg_return_rate":-0.053418813571685445,"_step":5,"ADAUSDT_pnl":-586.7500620518722,"SOLUSDT_pnl":-520.2784577394649,"BTCUSDT_return_rate":-0.007812466688923841,"_timestamp":1.770115259785354e+09,"successful_symbols":5,"BTCUSDT_trades":20,"BNBUSDT_return_rate":-0.07348993305549538,"total_pnl":-2670.940678584272,"SOLUSDT_return_rate":-0.052027845773946486}