{"final_long_level":2,"long_level":2,"total_trades":8,"cumulative_pnl":29.749288200000038,"_runtime":0,"max_drawdown":-36.248400000000025,"_timestamp":1.7701172822472372e+09,"sharpe_ratio":-2.920698159736121,"trade_count":8,"final_short_level":0,"_step":1,"current_pnl":0.31359999999997673,"_wandb":{"runtime":0},"total_pnl":-2.5599117999999734,"short_level":0,"step":1000}