{"SOLUSDT_return_rate":-0.06777892687717287,"BNBUSDT_pnl":-578.8116219659403,"BNBUSDT_trades":159,"total_pnl":-2707.1168307382245,"BNBUSDT_return_rate":-0.057881162196594026,"SOLUSDT_pnl":-677.7892687717286,"successful_symbols":5,"_step":5,"_timestamp":1.7701151724076731e+09,"ADAUSDT_trades":145,"_runtime":2,"win_rate":0,"total_trades":729,"ADAUSDT_return_rate":-0.05323469785967077,"ADAUSDT_pnl":-532.3469785967077,"ETHUSDT_trades":205,"avg_return_rate":-0.05414233661476449,"ETHUSDT_return_rate":-0.07681800524774346,"BTCUSDT_pnl":-149.98890892641347,"ETHUSDT_pnl":-768.1800524774346,"BTCUSDT_trades":39,"BTCUSDT_return_rate":-0.014998890892641347,"SOLUSDT_trades":181,"_wandb":{"runtime":2}}