{"total_trades":2,"_runtime":0,"short_level":0,"_step":1,"step":1000,"_wandb":{"runtime":0},"current_pnl":22.800599999999974,"total_pnl":-9.822200000000011,"long_level":2,"max_drawdown":-13.761400000000023,"sharpe_ratio":-1.0282840167059142,"cumulative_pnl":0,"trade_count":2,"final_long_level":2,"final_short_level":0,"_timestamp":1.77011677640432e+09}