{"ETHUSDT_return_rate":-0.0808170310163794,"_step":5,"SOLUSDT_return_rate":-0.07022483516319547,"_wandb":{"runtime":1},"BTCUSDT_return_rate":-0.1026650501026231,"ADAUSDT_return_rate":-0.055734564213229205,"avg_return_rate":-0.07426000551247273,"total_trades":1002,"BTCUSDT_pnl":-1026.650501026231,"SOLUSDT_trades":188,"ETHUSDT_pnl":-808.1703101637939,"ADAUSDT_trades":152,"BNBUSDT_pnl":-618.585470669365,"_runtime":1,"win_rate":0,"_timestamp":1.770115248704983e+09,"BNBUSDT_trades":170,"ADAUSDT_pnl":-557.345642132292,"total_pnl":-3713.0002756236368,"BNBUSDT_return_rate":-0.0618585470669365,"successful_symbols":5,"ETHUSDT_trades":216,"SOLUSDT_pnl":-702.2483516319547,"BTCUSDT_trades":276}