{"_timestamp":1.770117310679731e+09,"cumulative_pnl":0,"total_trades":1,"final_short_level":0,"sharpe_ratio":-0.22118643251951098,"total_pnl":-2.7834999999999854,"_runtime":0,"final_long_level":1,"trade_count":1,"max_drawdown":-7.7075000000000005,"_step":1,"long_level":1,"_wandb":{"runtime":0},"short_level":0,"step":1000,"current_pnl":37.995}