{"_runtime":0,"trade_count":6,"cumulative_pnl":40.880255000000076,"_step":1,"total_pnl":-2.891000000000058,"short_level":1,"current_pnl":-2.891000000000055,"final_long_level":1,"_timestamp":1.770116850280559e+09,"step":1000,"long_level":1,"_wandb":{"runtime":0},"final_short_level":1,"max_drawdown":-2.891000000000062,"sharpe_ratio":-0.32302935923748777,"total_trades":6}