{"short_level":0,"_step":1,"final_short_level":2,"trade_count":8,"long_level":2,"current_pnl":-18.03800000000003,"cumulative_pnl":-20.2146639999999,"sharpe_ratio":-0.20443098020984896,"step":1000,"total_pnl":-8.13300000000003,"_timestamp":1.7701168560244951e+09,"final_long_level":0,"total_trades":10,"max_drawdown":-98.62099999999991,"_wandb":{"runtime":0},"_runtime":0}