{"BTCUSDT_trades":73,"SOLUSDT_trades":108,"BNBUSDT_return_rate":-0.04440052305750342,"avg_return_rate":-0.04442850483161658,"successful_symbols":5,"SOLUSDT_pnl":-415.1892878638727,"_timestamp":1.770115194822401e+09,"SOLUSDT_return_rate":-0.04151892878638727,"total_trades":584,"total_pnl":-2221.425241580829,"ADAUSDT_pnl":-454.2687006281367,"BNBUSDT_trades":118,"_runtime":2,"ADAUSDT_trades":122,"BTCUSDT_return_rate":-0.028515787549489413,"_step":5,"_wandb":{"runtime":2},"ETHUSDT_pnl":-622.8041470188912,"BTCUSDT_pnl":-285.15787549489414,"ETHUSDT_trades":163,"ETHUSDT_return_rate":-0.062280414701889115,"BNBUSDT_pnl":-444.00523057503426,"win_rate":0,"ADAUSDT_return_rate":-0.045426870062813665}