{"win_rate":0,"BTCUSDT_trades":14,"SOLUSDT_pnl":-296.5928172172443,"_step":5,"ADAUSDT_return_rate":-0.042247518112167225,"total_pnl":-1587.2323873521295,"_runtime":1,"BTCUSDT_pnl":-53.82880319758424,"ADAUSDT_trades":114,"BNBUSDT_trades":120,"total_trades":424,"ETHUSDT_return_rate":-0.0372795346310141,"ETHUSDT_pnl":-372.795346310141,"_wandb":{"runtime":1},"ADAUSDT_pnl":-422.4751811216723,"_timestamp":1.7701151390419729e+09,"SOLUSDT_return_rate":-0.029659281721724433,"BNBUSDT_pnl":-441.54023950548776,"BTCUSDT_return_rate":-0.005382880319758424,"successful_symbols":5,"avg_return_rate":-0.03174464774704259,"SOLUSDT_trades":78,"BNBUSDT_return_rate":-0.04415402395054878,"ETHUSDT_trades":98}