{"_runtime":1,"_timestamp":1.770115062490029e+09,"ADAUSDT_return_rate":-0.05944324009384736,"BTCUSDT_return_rate":-0.08787464822521138,"successful_symbols":5,"BNBUSDT_trades":237,"total_pnl":-4270.157682238716,"SOLUSDT_pnl":-680.8066667820646,"BTCUSDT_trades":235,"SOLUSDT_trades":182,"BNBUSDT_pnl":-850.0924080819096,"_step":5,"total_trades":1164,"ETHUSDT_trades":347,"SOLUSDT_return_rate":-0.06808066667820646,"ADAUSDT_pnl":-594.4324009384736,"ETHUSDT_return_rate":-0.12660797241841545,"win_rate":0,"BNBUSDT_return_rate":-0.08500924080819096,"avg_return_rate":-0.08540315364477433,"ADAUSDT_trades":163,"_wandb":{"runtime":1},"BTCUSDT_pnl":-878.7464822521138,"ETHUSDT_pnl":-1266.0797241841547}