{"_runtime":0,"final_short_level":1,"_wandb":{"runtime":0},"_step":1,"final_long_level":1,"short_level":1,"total_trades":10,"_timestamp":1.7701167876538198e+09,"max_drawdown":-26.946999999999974,"trade_count":10,"sharpe_ratio":-0.2585388071496961,"step":1000,"total_pnl":-3.4765000000000157,"long_level":1,"cumulative_pnl":40.958397000000005,"current_pnl":-3.4765000000000157}